Feature,Importance
Dollar_Change,0.4685116428418032
RSI,0.21922297285637332
VIX_Regime_Interaction,0.07779243999437811
Log_Ret_Lag1,0.07354228465717115
Yield_Spread,0.06411617505908802
Dollar_Regime_Interaction,0.033765940805234124
Log_Ret_Lag3,0.029541864484552923
Log_Ret_Lag2,0.021821091491028698
Real_Rate_Change,0.00880757832072836
SAHMREALTIME,0.002878009489642034
